{"train/learning_rate":3.9682539682539683e-07,"train_runtime":1166.1236,"total_flos":3.62641076379648e+16,"_wandb":{"runtime":1164},"train/global_step":260,"_timestamp":1.7731565978401437e+09,"train/loss":0.1429,"train_samples_per_second":1.784,"train_steps_per_second":0.223,"train_loss":0.35185327667456406,"train/grad_norm":0.4633929133415222,"train/epoch":10,"_step":52,"_runtime":1164}