{"_wandb":{"runtime":222},"train/global_step":150,"_timestamp":1.7709943672358367e+09,"_runtime":222,"train/loss":0.2558,"train/grad_norm":0.9065262675285339,"train_runtime":223.4856,"train_loss":0.5248157262802124,"train/learning_rate":6.768970513457151e-09,"train_samples_per_second":5.369,"train_steps_per_second":0.671,"total_flos":3.177518087725056e+15,"train/epoch":3,"_step":30}