{"train_samples_per_second":5.288,"train_steps_per_second":0.661,"train_loss":0.3431425889333089,"train/grad_norm":0.3356216549873352,"train/global_step":390,"train_runtime":590.0505,"train/epoch":15,"_timestamp":1.7709282289291093e+09,"total_flos":6.57551036878848e+15,"_step":78,"train/loss":0.1535,"_wandb":{"runtime":589},"_runtime":589,"train/learning_rate":5.698005698005699e-07}