{"_runtime":537,"train/global_step":500,"train/learning_rate":4.444444444444445e-07,"total_flos":1.065059233800192e+16,"train_runtime":538.5981,"train_steps_per_second":0.928,"train/grad_norm":0.7742312550544739,"train/loss":0.1747,"train_loss":0.344782646894455,"train/epoch":10,"train_samples_per_second":7.427,"_timestamp":1.7709335103790033e+09,"_step":100,"_wandb":{"runtime":537}}