{"train/loss":0.2365,"train/grad_norm":0.5714013576507568,"_wandb":{"runtime":450},"train/epoch":6,"_step":60,"train_runtime":451.2391,"train_steps_per_second":0.665,"total_flos":6.390355402801152e+15,"_timestamp":1.771000014551015e+09,"train_loss":0.40597819129625956,"train_samples_per_second":5.319,"_runtime":450,"train/learning_rate":1.692299905944883e-09,"train/global_step":300}