{"train_loss":0.6520476882339369,"_runtime":1562,"total_flos":1.5070144212843725e+17,"train/epoch":3,"train_runtime":1563.6653,"_wandb":{"runtime":1562},"_step":112,"_timestamp":1.7710097055911412e+09,"train_samples_per_second":5.756,"train/loss":0.4979,"train/learning_rate":4.799092266535299e-09,"train_steps_per_second":0.361,"train/grad_norm":1.2185686826705933,"train/global_step":564}