{"_runtime":1881,"total_flos":1.5191006648404378e+17,"_timestamp":1.7710143846798933e+09,"train/loss":0.5767,"train/grad_norm":1.3714511394500732,"_step":116,"train/learning_rate":1.6236676152658892e-09,"train/epoch":3,"train_samples_per_second":4.925,"train_steps_per_second":0.309,"train_loss":0.6523099989211026,"train_runtime":1882.1273,"_wandb":{"runtime":1881},"train/global_step":582}